{
  "688229afd72217a527a7004c": {
    "name": "Arduino Mega",
    "images": [
      "images/1753360813845-j1onamjf0bq.jpg"
    ],
    "viewableModel": null,
    "paidAssets": []
  },
  "6882336fd38407bbdaed6982": {
    "name": "Micro:bit",
    "images": [
      "images/1753363309522-sy09ic35ai9.jpg"
    ],
    "viewableModel": null,
    "paidAssets": []
  },
  "6882351e7aacc6a45e9a42c4": {
    "name": "Mini Solar Car",
    "images": [
      "images/1753363736477-5k5asbesmhu.jpg"
    ],
    "viewableModel": null,
    "paidAssets": []
  },
  "6882375f8b13a01e67120c93": {
    "name": "5V Stepper Motor 28YBJ-48 + ULN2003 Driver Board",
    "images": [
      "images/1753364317660-0weilv4dp8ya.jpg"
    ],
    "viewableModel": null,
    "paidAssets": []
  },
  "6882382b8b13a01e67120c96": {
    "name": "Arduino Uno",
    "images": [
      "images/1753364521504-pkziyimw09.jpg"
    ],
    "viewableModel": null,
    "paidAssets": []
  },
  "688238ef8b13a01e67120c99": {
    "name": "Creality Ender 3 BL Touch",
    "images": [
      "images/1753364717028-tuxsqzqb9fd.jpg"
    ],
    "viewableModel": null,
    "paidAssets": []
  },
  "6882396c8b13a01e67120c9c": {
    "name": "Creality Ender 3 CR Touch",
    "images": [
      "images/1753364842528-tozwx93sytq.jpg"
    ],
    "viewableModel": null,
    "paidAssets": []
  },
  "688239fe8b13a01e67120c9f": {
    "name": "DHT11 Temperature and Humidity Sensor",
    "images": [
      "images/1753364988394-gmng5js0l8a.jpg"
    ],
    "viewableModel": null,
    "paidAssets": []
  },
  "68823a748b13a01e67120ca2": {
    "name": "Ender Heating Block",
    "images": [
      "images/1753365106798-5fhi1trrubq.jpg"
    ],
    "viewableModel": null,
    "paidAssets": []
  },
  "68823aeb8b13a01e67120ca5": {
    "name": "Ender Nozzle (0.4mm)",
    "images": [
      "images/1753365225380-jxrd55h8ea.jpg"
    ],
    "viewableModel": null,
    "paidAssets": []
  },
  "68823b9f8b13a01e67120ca8": {
    "name": "ESP32 38 Pins",
    "images": [
      "images/1753365405809-qnfq1xrqt8m.jpg"
    ],
    "viewableModel": null,
    "paidAssets": []
  },
  "68823d07d9e9d5b37b56eba4": {
    "name": "ESP32 DevKit V1 Wi-Fi & Bluetooth Development Board",
    "images": [
      "images/1753365760681-erx48cyvxqb.jpg"
    ],
    "viewableModel": null,
    "paidAssets": []
  },
  "68823fb9d9e9d5b37b56ebb3": {
    "name": "ESP8266 ESP-01 Wi-Fi Module",
    "images": [
      "images/1753366455441-plndwqbkg3d.jpg"
    ],
    "viewableModel": null,
    "paidAssets": []
  },
  "6882f43b9d58838c29543b6b": {
    "name": "Bambu Labs H2D Nozzle",
    "images": [
      "images/1753412665637-jvgi69q1z.jpg"
    ],
    "viewableModel": null,
    "paidAssets": []
  },
  "6882f5bc7e338ef3e7f72c73": {
    "name": "2-Pin LED – 5mm Diffused Light Emitting Diode (50 Pcs)",
    "images": [
      "images/1753413046029-u5tpzl62x1.jpg"
    ],
    "viewableModel": null,
    "paidAssets": []
  },
  "6882f6747e338ef3e7f72c76": {
    "name": "MG996R High-Torque Digital Servo Motor",
    "images": [
      "images/1753413234616-ympibfatnt.jpg"
    ],
    "viewableModel": null,
    "paidAssets": []
  },
  "6882f7267e338ef3e7f72c79": {
    "name": "PCA9685 16-Channel 12-Bit PWM Servo Driver Module",
    "images": [
      "images/1753413412658-mrco71k80m.jpg"
    ],
    "viewableModel": null,
    "paidAssets": []
  },
  "6882f8337e338ef3e7f72c7c": {
    "name": "DC 5V 1A Power Adapter with On/Off Switch",
    "images": [
      "images/1753413681501-qj3yhtmio48.jpg"
    ],
    "viewableModel": null,
    "paidAssets": []
  },
  "6882f99af6f0dda797a24a79": {
    "name": "Prusa 0.4mm Brass Nozzle",
    "images": [
      "images/1753414036539-c78p2m1ulf.jpg"
    ],
    "viewableModel": null,
    "paidAssets": []
  },
  "6882fa18f6f0dda797a24a7c": {
    "name": "SG90 Servo Motor",
    "images": [
      "images/1753414166975-bu4tm8fo3nq.jpg"
    ],
    "viewableModel": null,
    "paidAssets": []
  },
  "6882fb43f6f0dda797a24a7f": {
    "name": "830-Point Solderless Breadboard",
    "images": [
      "images/1753414465185-hp7044ef8s8.jpg"
    ],
    "viewableModel": null,
    "paidAssets": []
  },
  "6882fbdff6f0dda797a24a82": {
    "name": "HC-SR04 Ultrasonic Distance Sensor Module",
    "images": [
      "images/1753414621052-22ueu02b6xnh.jpg"
    ],
    "viewableModel": null,
    "paidAssets": []
  },
  "6882fc8ef6f0dda797a24a85": {
    "name": "Bambu Labs X1C 0.4mm Nozzle",
    "images": [
      "images/1753414796700-icelx7kmf1n.jpg"
    ],
    "viewableModel": null,
    "paidAssets": []
  },
  "6883011b583a2bdad8033949": {
    "name": "PLA 1.75mm 3D Printer Filament – 1kg Spool",
    "images": [
      "images/1753415954821-1kjz6wfztr5.jpg",
      "images/1753415956160-dgj60ib6spl.jpg",
      "images/1753415956672-nyks93wzq4.jpg",
      "images/1753415957173-dkwbyax4wrp.jpg",
      "images/1753415957683-f6oa0ju205e.jpg",
      "images/1753415958195-4k0jz9l4rnd.jpg",
      "images/1753415958695-5ti342ddxmc.jpg"
    ],
    "viewableModel": null,
    "paidAssets": []
  },
  "68831369fa80eca2844cdcd7": {
    "name": "PLA 1.75mm 3D Printer Filament – 1kg Spool",
    "images": [
      "images/1753420643697-ho7bj4cme6b.jpg",
      "images/1753420645033-tez2b2pekuj.jpg",
      "images/1753420645574-bpvovh27b9l.jpg",
      "images/1753420646104-4l10ycjf03m.jpg",
      "images/1753420646632-vd1swdt7f8i.jpg",
      "images/1753420647195-jn3096b35sk.jpg",
      "images/1753420647737-3ihrk44yvlk.jpg"
    ],
    "viewableModel": null,
    "paidAssets": []
  },
  "688314dbfa80eca2844cdcdc": {
    "name": "PLA 1.75mm 3D Printer Filament – 1kg Spool",
    "images": [
      "images/1753421014044-u0ea3neaows.jpg",
      "images/1753421015406-m9hyu7xi3k.jpg",
      "images/1753421015927-8od0a2wt7pi.jpg",
      "images/1753421016443-088nklbguf69.jpg",
      "images/1753421016964-3yyz0dpp8a9.jpg",
      "images/1753421017485-lpq168cwk1.jpg",
      "images/1753421018030-z7bi69d9ex.jpg"
    ],
    "viewableModel": null,
    "paidAssets": []
  },
  "688316a8c21062a9de81db6e": {
    "name": "PLA 1.75mm 3D Printer Filament – 1kg Spool",
    "images": [
      "images/1753421470592-2ggysr6g8ss.jpg",
      "images/1753421472001-dqv7ta5k1bb.jpg",
      "images/1753421472529-nwk4vgcry6m.jpg",
      "images/1753421473057-4s84xi4z9yf.jpg",
      "images/1753421473597-494iqtjczx3.jpg",
      "images/1753421474115-0z3qcvyny8wb.jpg"
    ],
    "viewableModel": null,
    "paidAssets": []
  },
  "688317dbc21062a9de81db71": {
    "name": "PETG 1.75mm 3D Printer Filament – 1kg Spool",
    "images": [
      "images/1753421782223-lpgjpdc3la.jpg",
      "images/1753421783542-vfi3aw3nkh.jpg",
      "images/1753421784062-1lyosduqn0f.jpg",
      "images/1753421784591-hq3f96vnduh.jpg",
      "images/1753421785103-c7snw21kt6c.jpg",
      "images/1753421785614-lqvevwx3gjp.jpg",
      "images/1753421786160-a7jhjs0o4m9.jpg"
    ],
    "viewableModel": null,
    "paidAssets": []
  },
  "688319dcf09050a0a222884b": {
    "name": "3D Printing Pen",
    "images": [
      "images/1753422294535-sb201tx303c.jpg"
    ],
    "viewableModel": null,
    "paidAssets": []
  },
  "68c8da19cbdc18a179230ce3": {
    "name": "bubududu",
    "images": [
      "images/1757993495874-aogq6bb15ct.jpg"
    ],
    "viewableModel": null,
    "paidAssets": []
  },
  "68c8daeccbdc18a179230ce7": {
    "name": "robot",
    "images": [
      "images/1757993707839-brlhhwbnxh8.jpg"
    ],
    "viewableModel": null,
    "paidAssets": []
  },
  "68c8dd9acbdc18a179230cfc": {
    "name": "admin product",
    "images": [
      "images/1757994392987-jweawipw02m.jpg"
    ],
    "viewableModel": null,
    "paidAssets": []
  },
  "68ca3e6dd080a40d120188da": {
    "name": "Cheeseburger",
    "images": [
      "images/1758084711508-rjaqx4dtln.jpg"
    ],
    "viewableModel": "viewables/1758084715966-3jo0mcchd64-cheeseburger.glb",
    "paidAssets": [
      "models/1758084714193-5tk20pyhieb-cheeseburger.glb"
    ]
  },
  "68e09e081f45331f044c3ce6": {
    "name": "admin product 2",
    "images": [
      "images/1760519485250-2o5ueb8lrye.jpg"
    ],
    "viewableModel": null,
    "paidAssets": []
  },
  "692363695d9dc38e38dcc4b7": {
    "name": "Custom 3D Print",
    "images": [
      "images/1763931845034-dxu25xyvazs.jpg"
    ],
    "viewableModel": null,
    "paidAssets": []
  }
}